"ГАЗ ГАЗель 2747, 2007",2.5,MT,140 л.с.,299 999 ,₽,2020-07-23 09:59:00,https://www.avito.ru/ufa/avtomobili/gaz_gazel_2747_2007_1971416989
"Chevrolet Cruze, 2014",1.6,MT,109 л.с.,500 000 ,₽,2020-07-23 09:30:00,https://www.avito.ru/ufa/avtomobili/chevrolet_cruze_2014_1889169542
"LADA Granta, 2017",1.6,MT,87 л.с.,380 000 ,₽,2020-07-23 02:46:00,https://www.avito.ru/ufa/avtomobili/lada_granta_2017_1940136238
"LADA Kalina, 2015",1.6,MT,87 л.с.,315 000 ,₽,2020-07-22 23:15:00,https://www.avito.ru/ufa/avtomobili/lada_kalina_2015_1865075333
"LADA Priora, 2008",1.6,MT,98 л.с.,190 000 ,₽,2020-07-22 23:10:00,https://www.avito.ru/ufa/avtomobili/lada_priora_2008_1862272857
"LADA Kalina, 2011",1.6,MT,84 л.с.,200 000 ,₽,2020-07-22 23:04:00,https://www.avito.ru/ufa/avtomobili/lada_kalina_2011_1955789768
"ГАЗ ГАЗель 3302, 2014",2.9,MT,107 л.с.,397 000 ,₽,2020-07-22 22:43:00,https://www.avito.ru/ufa/avtomobili/gaz_gazel_3302_2014_1963078296
"ВАЗ 2107, 2005",1.6,MT,75 л.с.,75 000 ,₽,2020-07-22 22:40:00,https://www.avito.ru/ufa/avtomobili/vaz_2107_2005_1961978326
"ГАЗ Соболь 2752, 2014",2.9,MT,107 л.с.,500 000 ,₽,2020-07-22 22:31:00,https://www.avito.ru/ufa/avtomobili/gaz_sobol_2752_2014_1959719008
"ВАЗ 2114 Samara, 2009",1.6,MT,81 л.с.,80 000 ,₽,2020-07-22 21:09:00,https://www.avito.ru/chishmy/avtomobili/vaz_2114_samara_2009_1963401613
"ВАЗ 2114 Samara, 2013",1.6,MT,82 л.с.,169 999 ,₽,2020-07-22 19:55:00,https://www.avito.ru/ufa/avtomobili/vaz_2114_samara_2013_1928628419
"LADA Granta, 2017",1.6,MT,87 л.с.,323 000 ,₽,2020-07-22 19:26:00,https://www.avito.ru/ufa/avtomobili/lada_granta_2017_1967645300
"Datsun on-DO, 2014",1.6,AT,87 л.с.,310 000 ,₽,2020-07-22 19:14:00,https://www.avito.ru/asha/avtomobili/datsun_on-do_2014_1968824691
"LADA Granta, 2017",1.6,MT,87 л.с.,323 000 ,₽,2020-07-22 18:29:00,https://www.avito.ru/karmaskaly/avtomobili/lada_granta_2017_1975601136
"LADA Granta, 2013",1.6,AT,98 л.с.,319 000 ,₽,2020-07-22 18:23:00,https://www.avito.ru/ufa/avtomobili/lada_granta_2013_1980499285
"LADA Priora, 2017",1.6,MT,87 л.с.,350 000 ,₽,2020-07-22 18:22:00,https://www.avito.ru/ufa/avtomobili/lada_priora_2017_1955781248
"LADA Granta, 2018",1.6,MT,87 л.с.,398 000 ,₽,2020-07-22 18:11:00,https://www.avito.ru/ufa/avtomobili/lada_granta_2018_1924180382
"Renault Logan, 2016",1.6,MT,113 л.с.,412 000 ,₽,2020-07-22 17:59:00,https://www.avito.ru/ufa/avtomobili/renault_logan_2016_1978436302
"LADA Granta, 2018",1.6,MT,87 л.с.,350 000 ,₽,2020-07-22 17:17:00,https://www.avito.ru/ufa/avtomobili/lada_granta_2018_1934132147
"ИЖ 2717, 2010",1.7,MT,85 л.с.,110 000 ,₽,2020-07-22 17:05:00,https://www.avito.ru/ufa/avtomobili/izh_2717_2010_1965534131
"LADA Granta, 2015",1.6,MT,82 л.с.,255 000 ,₽,2020-07-22 17:05:00,https://www.avito.ru/chishmy/avtomobili/lada_granta_2015_1970924747
"LADA Granta, 2012",1.6,MT,98 л.с.,250 000 ,₽,2020-07-22 16:26:00,https://www.avito.ru/ufa/avtomobili/lada_granta_2012_1975192824
"LADA Granta, 2016",1.6,MT,87 л.с.,290 000 ,₽,2020-07-22 16:19:00,https://www.avito.ru/ufa/avtomobili/lada_granta_2016_1948866648
"LADA Granta, 2014",1.6,MT,87 л.с.,250 000 ,₽,2020-07-22 15:52:00,https://www.avito.ru/bashkortostan_blagoveschensk/avtomobili/lada_granta_2014_1976306201
"LADA 4x4 (Нива), 2018",1.7,MT,83 л.с.,470 000 ,₽,2020-07-22 14:58:00,https://www.avito.ru/ufa/avtomobili/lada_4x4_niva_2018_1945510059
"LADA XRAY, 2016",1.6,MT,106 л.с.,489 000 ,₽,2020-07-22 13:16:00,https://www.avito.ru/ufa/avtomobili/lada_xray_2016_1980229066
"Volkswagen Polo, 2012",1.6,MT,105 л.с.,390 000 ,₽,2020-07-22 13:02:00,https://www.avito.ru/ufa/avtomobili/volkswagen_polo_2012_1968019875
"Peugeot 408, 2013",1.6,MT,110 л.с.,395 000 ,₽,2020-07-22 13:00:00,https://www.avito.ru/ufa/avtomobili/peugeot_408_2013_1888906076
"Chevrolet Niva, 2015",1.7,MT,80 л.с.,380 000 ,₽,2020-07-22 12:22:00,https://www.avito.ru/kushnarenkovo/avtomobili/chevrolet_niva_2015_1365275265
"Chevrolet Niva, 2013",1.7,MT,80 л.с.,265 000 ,₽,2020-07-22 12:22:00,https://www.avito.ru/ufa/avtomobili/chevrolet_niva_2013_1975942922
"Datsun on-DO, 2019",1.6,MT,87 л.с.,445 000 ,₽,2020-07-22 10:27:00,https://www.avito.ru/ufa/avtomobili/datsun_on-do_2019_1965314105
"Derways Aurora, 2008",2.4,MT,126 л.с.,349 000 ,₽,2020-07-22 10:23:00,https://www.avito.ru/ufa/avtomobili/derways_aurora_2008_1962421043
"LADA Kalina, 2017",1.6,MT,87 л.с.,349 999 ,₽,2020-07-22 10:14:00,https://www.avito.ru/ufa/avtomobili/lada_kalina_2017_1981179829
"LADA Granta, 2017",1.6,MT,87 л.с.,329 000 ,₽,2020-07-22 08:14:00,https://www.avito.ru/birsk/avtomobili/lada_granta_2017_1980202610
"LADA Granta, 2013",1.6,MT,87 л.с.,265 000 ,₽,2020-07-21 23:27:00,https://www.avito.ru/ufa/avtomobili/lada_granta_2013_1956778041
"LIFAN Solano, 2013",1.6,MT,106 л.с.,260 000 ,₽,2020-07-21 22:11:00,https://www.avito.ru/birsk/avtomobili/lifan_solano_2013_1836820723
"LADA 4x4 (Нива), 2018",1.7,MT,83 л.с.,435 000 ,₽,2020-07-21 21:55:00,https://www.avito.ru/ufa/avtomobili/lada_4x4_niva_2018_1921416466
"LADA Vesta, 2016",1.6,MT,106 л.с.,363 000 ,₽,2020-07-21 21:14:00,https://www.avito.ru/tolbazy/avtomobili/lada_vesta_2016_1953834226
"LADA Vesta, 2016",1.6,MT,106 л.с.,495 000 ,₽,2020-07-21 20:53:00,https://www.avito.ru/ufa/avtomobili/lada_vesta_2016_1970668265
"Datsun on-DO, 2014",1.6,MT,87 л.с.,289 000 ,₽,2020-07-21 18:53:00,https://www.avito.ru/ufa/avtomobili/datsun_on-do_2014_1892655121
"LADA Granta, 2014",1.6,MT,87 л.с.,300 000 ,₽,2020-07-21 18:50:00,https://www.avito.ru/kushnarenkovo/avtomobili/lada_granta_2014_1974936570
"ВАЗ 2107, 2011",1.6,MT,74 л.с.,67 000 ,₽,2020-07-21 18:40:00,https://www.avito.ru/ufa/avtomobili/vaz_2107_2011_1920756069
"LADA Granta, 2018",1.6,MT,87 л.с.,450 000 ,₽,2020-07-21 18:24:00,https://www.avito.ru/bashkortostan_blagoveschensk/avtomobili/lada_granta_2018_1956569524
"LIFAN Breez (520), 2008",1.6,MT,106 л.с.,275 000 ,₽,2020-07-21 18:13:00,https://www.avito.ru/ufa/avtomobili/lifan_breez_520_2008_1906251580
"LADA Kalina, 2013",1.6,AT,98 л.с.,322 000 ,₽,2020-07-21 18:12:00,https://www.avito.ru/ufa/avtomobili/lada_kalina_2013_1976349586
"ВАЗ 2107, 2006",1.6,MT,74 л.с.,69 000 ,₽,2020-07-21 17:43:00,https://www.avito.ru/ufa/avtomobili/vaz_2107_2006_1947170938
"LADA Kalina, 2016",1.6,MT,87 л.с.,330 000 ,₽,2020-07-21 17:37:00,https://www.avito.ru/bashkortostan_yazykovo/avtomobili/lada_kalina_2016_1972770144
"Chevrolet Niva, 2015",1.7,MT,80 л.с.,455 000 ,₽,2020-07-21 16:32:00,https://www.avito.ru/ufa/avtomobili/chevrolet_niva_2015_1964046788
"Nissan Almera, 2013",1.6,AT,102 л.с.,465 000 ,₽,2020-07-21 16:31:00,https://www.avito.ru/kushnarenkovo/avtomobili/nissan_almera_2013_1948013748
"Datsun mi-DO, 2017",1.6,MT,87 л.с.,415 000 ,₽,2020-07-21 16:08:00,https://www.avito.ru/ufa/avtomobili/datsun_mi-do_2017_1953629351
"Datsun mi-DO, 2017",1.6,MT,87 л.с.,415 000 ,₽,2020-07-21 16:08:00,https://www.avito.ru/ufa/avtomobili/datsun_mi-do_2017_1953629351
"Ford Focus, 2012",1.6,MT,105 л.с.,450 000 ,₽,2020-07-21 15:58:00,https://www.avito.ru/ufa/avtomobili/ford_focus_2012_1952101340
"LADA Largus, 2013",1.6,MT,105 л.с.,420 000 ,₽,2020-07-21 14:45:00,https://www.avito.ru/ufa/avtomobili/lada_largus_2013_1977340482
"LADA Granta, 2019",1.6,MT,87 л.с.,365 000 ,₽,2020-07-21 14:04:00,https://www.avito.ru/ufa/avtomobili/lada_granta_2019_1898864682
"Chevrolet Cruze, 2013",1.8,MT,141 л.с.,478 000 ,₽,2020-07-21 13:58:00,https://www.avito.ru/ufa/avtomobili/chevrolet_cruze_2013_1906968920
"Renault Logan, 2015",1.6,MT,82 л.с.,352 000 ,₽,2020-07-21 13:58:00,https://www.avito.ru/ufa/avtomobili/renault_logan_2015_1962263703
"Chery Tiggo (T11), 2015",1.6,MT,126 л.с.,398 000 ,₽,2020-07-21 13:52:00,https://www.avito.ru/ufa/avtomobili/chery_tiggo_t11_2015_1939568266
"Chevrolet Niva, 2008",1.7,MT,80 л.с.,230 000 ,₽,2020-07-21 13:51:00,https://www.avito.ru/ufa/avtomobili/chevrolet_niva_2008_1899209378
"Hyundai Solaris, 2014",1.6,MT,123 л.с.,490 000 ,₽,2020-07-21 12:16:00,https://www.avito.ru/ufa/avtomobili/hyundai_solaris_2014_1975989604
"Geely Emgrand EC7, 2012",1.8,MT,126 л.с.,300 000 ,₽,2020-07-21 11:43:00,https://www.avito.ru/ufa/avtomobili/geely_emgrand_ec7_2012_1959734465
"LADA Granta, 2012",1.6,MT,98 л.с.,238 000 ,₽,2020-07-21 11:36:00,https://www.avito.ru/avdon/avtomobili/lada_granta_2012_1977550588
"Datsun on-DO, 2016",1.6,MT,87 л.с.,347 000 ,₽,2020-07-21 11:32:00,https://www.avito.ru/ufa/avtomobili/datsun_on-do_2016_1980960882
"LADA Priora, 2013",1.6,MT,98 л.с.,249 000 ,₽,2020-07-21 11:20:00,https://www.avito.ru/ufa/avtomobili/lada_priora_2013_1971635822
"LADA Granta, 2016",1.6,AMT,106 л.с.,370 000 ,₽,2020-07-21 11:16:00,https://www.avito.ru/ufa/avtomobili/lada_granta_2016_1920294218
"Chevrolet Niva, 2015",1.7,MT,80 л.с.,429 000 ,₽,2020-07-21 11:12:00,https://www.avito.ru/birsk/avtomobili/chevrolet_niva_2015_1921931084
"LADA Granta, 2017",1.6,AT,98 л.с.,417 000 ,₽,2020-07-21 09:58:00,https://www.avito.ru/ufa/avtomobili/lada_granta_2017_1965932859
"LADA Granta, 2016",1.6,MT,87 л.с.,400 000 ,₽,2020-07-21 08:59:00,https://www.avito.ru/iglino/avtomobili/lada_granta_2016_1975077621
"LIFAN X60, 2015",1.8,MT,128 л.с.,437 000 ,₽,2020-07-20 23:48:00,https://www.avito.ru/birsk/avtomobili/lifan_x60_2015_1970041430
"Ford Transit, 2007",2.4,MT,115 л.с.,210 000 ,₽,2020-07-20 23:42:00,https://www.avito.ru/ufa/avtomobili/ford_transit_2007_1826545697
"FAW Besturn B50, 2013",1.6,MT,103 л.с.,350 000 ,₽,2020-07-20 22:16:00,https://www.avito.ru/chishmy/avtomobili/faw_besturn_b50_2013_1901230543
"LADA Granta, 2017",1.6,MT,87 л.с.,325 000 ,₽,2020-07-20 20:38:00,https://www.avito.ru/ufa/avtomobili/lada_granta_2017_1980202561
"LADA 4x4 (Нива), 2011",1.7,MT,82 л.с.,215 000 ,₽,2020-07-20 19:49:00,https://www.avito.ru/ufa/avtomobili/lada_4x4_niva_2011_1962441726
"LADA Granta, 2019",1.6,MT,87 л.с.,409 000 ,₽,2020-07-20 19:36:00,https://www.avito.ru/ufa/avtomobili/lada_granta_2019_1960722627
"LADA 4x4 (Нива), 2014",1.7,MT,83 л.с.,273 000 ,₽,2020-07-20 19:04:00,https://www.avito.ru/ufa/avtomobili/lada_4x4_niva_2014_1963480888
"Renault Sandero, 2015",1.6,MT,82 л.с.,463 000 ,₽,2020-07-20 18:53:00,https://www.avito.ru/ufa/avtomobili/renault_sandero_2015_1924603772
"LADA Vesta, 2016",1.6,MT,106 л.с.,465 000 ,₽,2020-07-20 18:47:00,https://www.avito.ru/ufa/avtomobili/lada_vesta_2016_1923422829
"Geely Emgrand EC7, 2012",1.8,MT,126 л.с.,275 000 ,₽,2020-07-20 18:32:00,https://www.avito.ru/ufa/avtomobili/geely_emgrand_ec7_2012_1967709439
"LADA Granta, 2017",1.6,MT,87 л.с.,387 000 ,₽,2020-07-20 18:17:00,https://www.avito.ru/ulukulevo/avtomobili/lada_granta_2017_1918216284
"LADA Granta, 2018",1.6,MT,87 л.с.,395 000 ,₽,2020-07-20 16:57:00,https://www.avito.ru/bashkortostan_mishkino/avtomobili/lada_granta_2018_1970777826
"LADA 4x4 (Нива), 2013",1.7,MT,83 л.с.,385 000 ,₽,2020-07-20 16:17:00,https://www.avito.ru/ufa/avtomobili/lada_4x4_niva_2013_1977206697
"Chevrolet Niva, 2015",1.7,MT,80 л.с.,440 000 ,₽,2020-07-20 16:04:00,https://www.avito.ru/ufa/avtomobili/chevrolet_niva_2015_1955959246
"Datsun on-DO, 2015",1.6,MT,87 л.с.,320 000 ,₽,2020-07-20 15:35:00,https://www.avito.ru/ufa/avtomobili/datsun_on-do_2015_1943860448
"LADA Kalina, 2006",1.6,MT,81 л.с.,135 000 ,₽,2020-07-20 15:25:00,https://www.avito.ru/birsk/avtomobili/lada_kalina_2006_1974125636
"Nissan Qashqai, 2007",1.6,MT,114 л.с.,475 000 ,₽,2020-07-20 14:51:00,https://www.avito.ru/ufa/avtomobili/nissan_qashqai_2007_1959750165
"LADA Granta, 2019",1.6,MT,87 л.с.,450 000 ,₽,2020-07-20 14:44:00,https://www.avito.ru/birsk/avtomobili/lada_granta_2019_1959364181
"LADA Granta, 2018",1.6,MT,87 л.с.,315 000 ,₽,2020-07-20 13:34:00,https://www.avito.ru/ufa/avtomobili/lada_granta_2018_1888041748
"LADA 4x4 (Нива), 2018",1.7,MT,83 л.с.,485 000 ,₽,2020-07-20 13:24:00,https://www.avito.ru/buzdyak/avtomobili/lada_4x4_niva_2018_1961084683
"Renault Duster, 2013",1.6,MT,102 л.с.,488 000 ,₽,2020-07-20 13:13:00,https://www.avito.ru/ufa/avtomobili/renault_duster_2013_1959584437
"LADA Largus, 2017",1.6,MT,87 л.с.,460 000 ,₽,2020-07-20 12:52:00,https://www.avito.ru/ufa/avtomobili/lada_largus_2017_1888955349
"Chevrolet Cruze, 2014",1.6,MT,109 л.с.,415 000 ,₽,2020-07-20 12:34:00,https://www.avito.ru/ufa/avtomobili/chevrolet_cruze_2014_1850282781
"LADA Largus, 2016",1.6,MT,87 л.с.,360 000 ,₽,2020-07-20 12:14:00,https://www.avito.ru/ufa/avtomobili/lada_largus_2016_1941938960
"ВАЗ 2114 Samara, 2013",1.6,MT,81 л.с.,150 000 ,₽,2020-07-20 11:34:00,https://www.avito.ru/ufa/avtomobili/vaz_2114_samara_2013_1826762344
"Hyundai Solaris, 2015",1.6,MT,123 л.с.,480 000 ,₽,2020-07-20 10:55:00,https://www.avito.ru/ufa/avtomobili/hyundai_solaris_2015_1976020785
"Datsun on-DO, 2016",1.6,MT,87 л.с.,365 000 ,₽,2020-07-20 10:05:00,https://www.avito.ru/ufa/avtomobili/datsun_on-do_2016_1923722785
"LADA 4x4 (Нива), 2017",1.7,MT,83 л.с.,400 000 ,₽,2020-07-20 09:36:00,https://www.avito.ru/birsk/avtomobili/lada_4x4_niva_2017_1924376662
"Nissan Almera, 2015",1.6,MT,102 л.с.,445 000 ,₽,2020-07-20 07:26:00,https://www.avito.ru/ufa/avtomobili/nissan_almera_2015_1918545418
"LADA Granta, 2016",1.6,MT,87 л.с.,305 000 ,₽,2020-07-19 22:35:00,https://www.avito.ru/ufa/avtomobili/lada_granta_2016_1855510351
"Opel Astra GTC, 2008",1.6,AMT,115 л.с.,374 000 ,₽,2020-07-19 22:16:00,https://www.avito.ru/ufa/avtomobili/opel_astra_gtc_2008_1939762780
"ВАЗ 2107, 2008",1.6,MT,74 л.с.,68 000 ,₽,2020-07-19 19:19:00,https://www.avito.ru/birsk/avtomobili/vaz_2107_2008_1942399330
"Chevrolet Niva, 2011",1.7,MT,80 л.с.,390 000 ,₽,2020-07-19 19:10:00,https://www.avito.ru/bashkortostan_mihaylovka/avtomobili/chevrolet_niva_2011_1967887565
"Chevrolet Niva, 2016",1.7,MT,80 л.с.,485 000 ,₽,2020-07-19 18:44:00,https://www.avito.ru/ufa/avtomobili/chevrolet_niva_2016_1963821032
"LADA 4x4 (Нива), 2015",1.7,MT,83 л.с.,300 000 ,₽,2020-07-19 18:28:00,https://www.avito.ru/ufa/avtomobili/lada_4x4_niva_2015_1971958999
"Peugeot 408, 2014",1.6,MT,114 л.с.,359 000 ,₽,2020-07-19 18:22:00,https://www.avito.ru/chishmy/avtomobili/peugeot_408_2014_1978646574
"УАЗ 3962, 2007",2.9,MT,98 л.с.,190 000 ,₽,2020-07-19 12:46:00,https://www.avito.ru/ufa/avtomobili/uaz_3962_2007_1959557512
"LIFAN Solano, 2013",1.6,MT,106 л.с.,250 000 ,₽,2020-07-19 12:45:00,https://www.avito.ru/ufa/avtomobili/lifan_solano_2013_1867415593
"LADA Priora, 2014",1.6,MT,98 л.с.,325 000 ,₽,2020-07-19 12:10:00,https://www.avito.ru/ufa/avtomobili/lada_priora_2014_1961523383
"LADA 4x4 (Нива), 2017",1.7,MT,83 л.с.,400 000 ,₽,2020-07-18 22:07:00,https://www.avito.ru/birsk/avtomobili/lada_4x4_niva_2017_1904602331
"ВАЗ 2111, 2012",1.6,MT,81 л.с.,179 000 ,₽,2020-07-18 20:13:00,https://www.avito.ru/ufa/avtomobili/vaz_2111_2012_1974938083
"ВАЗ 2114 Samara, 2012",1.6,MT,82 л.с.,143 000 ,₽,2020-07-18 19:27:00,https://www.avito.ru/ufa/avtomobili/vaz_2114_samara_2012_1978900206
"Renault Logan, 2014",1.6,MT,82 л.с.,420 000 ,₽,2020-07-18 17:24:00,https://www.avito.ru/ufa/avtomobili/renault_logan_2014_1959532708
"Chevrolet Niva, 2013",1.7,MT,80 л.с.,380 000 ,₽,2020-07-18 17:17:00,https://www.avito.ru/birsk/avtomobili/chevrolet_niva_2013_1783549000
"Chevrolet Niva, 2010",1.7,MT,80 л.с.,320 000 ,₽,2020-07-18 17:00:00,https://www.avito.ru/ufa/avtomobili/chevrolet_niva_2010_1953480835
"Chery Tiggo (T11), 2012",2.0,MT,136 л.с.,350 000 ,₽,2020-07-18 17:00:00,https://www.avito.ru/ufa/avtomobili/chery_tiggo_t11_2012_1968993979
"LADA Granta, 2013",1.6,AT,98 л.с.,295 000 ,₽,2020-07-18 16:22:00,https://www.avito.ru/davlekanovo/avtomobili/lada_granta_2013_1962165340
"Peugeot 408, 2016",1.6,MT,115 л.с.,315 000 ,₽,2020-07-18 14:48:00,https://www.avito.ru/bashkortostan_dmitrievka/avtomobili/peugeot_408_2016_1965792213
"Chevrolet Niva, 2013",1.7,MT,80 л.с.,360 000 ,₽,2020-07-18 11:52:00,https://www.avito.ru/ufa/avtomobili/chevrolet_niva_2013_1980219536
"LADA Granta, 2016",1.6,MT,87 л.с.,270 000 ,₽,2020-07-18 11:18:00,https://www.avito.ru/kushnarenkovo/avtomobili/lada_granta_2016_1951676060
"LADA Granta, 2016",1.6,MT,106 л.с.,360 000 ,₽,2020-07-18 08:03:00,https://www.avito.ru/ufa/avtomobili/lada_granta_2016_1890717842
"LADA Kalina, 2014",1.6,MT,87 л.с.,275 000 ,₽,2020-07-18 06:16:00,https://www.avito.ru/ufa/avtomobili/lada_kalina_2014_1967519572
"LADA Priora, 2016",1.6,MT,106 л.с.,450 000 ,₽,2020-07-18 05:00:00,https://www.avito.ru/ufa/avtomobili/lada_priora_2016_1879749952
"Datsun on-DO, 2014",1.6,MT,87 л.с.,287 000 ,₽,2020-07-17 22:23:00,https://www.avito.ru/ufa/avtomobili/datsun_on-do_2014_1956154523
"Chevrolet Cruze, 2013",1.6,MT,109 л.с.,445 000 ,₽,2020-07-17 21:28:00,https://www.avito.ru/ufa/avtomobili/chevrolet_cruze_2013_1955972752
"Hyundai Solaris, 2014",1.6,MT,123 л.с.,499 000 ,₽,2020-07-17 20:11:00,https://www.avito.ru/birsk/avtomobili/hyundai_solaris_2014_1919949165
"LADA 4x4 (Нива), 2015",1.7,MT,83 л.с.,320 000 ,₽,2020-07-17 18:15:00,https://www.avito.ru/iglino/avtomobili/lada_4x4_niva_2015_1942461171
"LIFAN Solano, 2013",1.6,MT,106 л.с.,248 000 ,₽,2020-07-17 17:27:00,https://www.avito.ru/raevskiy/avtomobili/lifan_solano_2013_1959758710
"Renault Logan, 2014",1.6,MT,82 л.с.,399 000 ,₽,2020-07-17 15:29:00,https://www.avito.ru/ufa/avtomobili/renault_logan_2014_1961361553
"LADA 4x4 (Нива), 2017",1.7,MT,83 л.с.,490 000 ,₽,2020-07-17 14:26:00,https://www.avito.ru/ufa/avtomobili/lada_4x4_niva_2017_1954355876
"LADA Granta, 2015",1.6,AMT,106 л.с.,290 000 ,₽,2020-07-17 13:39:00,https://www.avito.ru/ufa/avtomobili/lada_granta_2015_1958248762
"ВАЗ 2114 Samara, 2013",1.6,MT,90 л.с.,185 000 ,₽,2020-07-17 12:56:00,https://www.avito.ru/kushnarenkovo/avtomobili/vaz_2114_samara_2013_1966154883
"LADA Granta, 2019",1.6,MT,87 л.с.,480 000 ,₽,2020-07-17 12:15:00,https://www.avito.ru/ufa/avtomobili/lada_granta_2019_1970650327
"LADA Priora, 2017",1.6,MT,87 л.с.,347 000 ,₽,2020-07-17 11:51:00,https://www.avito.ru/ufa/avtomobili/lada_priora_2017_1960330896
"LADA Kalina, 2013",1.6,MT,81 л.с.,300 000 ,₽,2020-07-17 11:43:00,https://www.avito.ru/ufa/avtomobili/lada_kalina_2013_1960034588
"Chevrolet Niva, 2008",1.7,MT,80 л.с.,210 000 ,₽,2020-07-17 10:44:00,https://www.avito.ru/ufa/avtomobili/chevrolet_niva_2008_1956004526
"Datsun on-DO, 2014",1.6,MT,87 л.с.,330 000 ,₽,2020-07-17 10:15:00,https://www.avito.ru/ufa/avtomobili/datsun_on-do_2014_1926799023
"Chevrolet Aveo, 2012",1.6,AT,115 л.с.,420 000 ,₽,2020-07-17 09:59:00,https://www.avito.ru/ufa/avtomobili/chevrolet_aveo_2012_1962663750
"Citroen C4, 2011",1.6,MT,120 л.с.,399 000 ,₽,2020-07-17 09:01:00,https://www.avito.ru/ufa/avtomobili/citroen_c4_2011_1794153309
"Nissan Almera, 2013",1.6,MT,102 л.с.,430 000 ,₽,2020-07-17 01:49:00,https://www.avito.ru/ufa/avtomobili/nissan_almera_2013_1905734159
"LADA Granta, 2018",1.6,MT,87 л.с.,423 000 ,₽,2020-07-16 23:08:00,https://www.avito.ru/bashkortostan_arhangelskoe/avtomobili/lada_granta_2018_1980480010
"LADA Vesta, 2017",1.8,AMT,122 л.с.,500 000 ,₽,2020-07-16 22:45:00,https://www.avito.ru/ufa/avtomobili/lada_vesta_2017_1936300341
"Chevrolet Niva, 2017",1.7,MT,80 л.с.,429 000 ,₽,2020-07-16 22:10:00,https://www.avito.ru/ufa/avtomobili/chevrolet_niva_2017_1859263019
"Renault Logan, 2016",1.6,MT,82 л.с.,415 000 ,₽,2020-07-16 22:04:00,https://www.avito.ru/ufa/avtomobili/renault_logan_2016_1975665447
"FAW Besturn B50, 2012",1.6,AT,103 л.с.,310 000 ,₽,2020-07-16 20:41:00,https://www.avito.ru/ufa/avtomobili/faw_besturn_b50_2012_1964480681
"LADA Kalina, 2013",1.6,AT,98 л.с.,335 000 ,₽,2020-07-16 20:12:00,https://www.avito.ru/ufa/avtomobili/lada_kalina_2013_1967612087
"LADA 4x4 (Нива), 2012",1.7,MT,83 л.с.,275 000 ,₽,2020-07-16 20:06:00,https://www.avito.ru/bashkortostan_mihaylovka/avtomobili/lada_4x4_niva_2012_1922193492
"LADA Granta, 2012",1.6,MT,87 л.с.,289 000 ,₽,2020-07-16 19:13:00,https://www.avito.ru/asha/avtomobili/lada_granta_2012_1977832865
"Daewoo Nexia, 2013",1.6,MT,109 л.с.,205 000 ,₽,2020-07-16 18:11:00,https://www.avito.ru/ufa/avtomobili/daewoo_nexia_2013_1768323339
"LADA Kalina, 2015",1.6,MT,87 л.с.,320 000 ,₽,2020-07-16 17:11:00,https://www.avito.ru/ufa/avtomobili/lada_kalina_2015_914500313
"УАЗ Patriot, 2014",2.7,MT,128 л.с.,445 000 ,₽,2020-07-16 16:47:00,https://www.avito.ru/ufa/avtomobili/uaz_patriot_2014_1931448118
"Chevrolet Niva, 2016",1.7,MT,80 л.с.,445 000 ,₽,2020-07-16 14:00:00,https://www.avito.ru/ufa/avtomobili/chevrolet_niva_2016_1800699103
"Datsun on-DO, 2017",1.6,MT,87 л.с.,350 000 ,₽,2020-07-16 13:12:00,https://www.avito.ru/ufa/avtomobili/datsun_on-do_2017_1954618572
"ВАЗ 2107, 2009",1.6,MT,73 л.с.,69 500 ,₽,2020-07-16 13:07:00,https://www.avito.ru/ufa/avtomobili/vaz_2107_2009_1923693188
"LADA 4x4 (Нива), 2017",1.7,MT,83 л.с.,470 000 ,₽,2020-07-16 12:12:00,https://www.avito.ru/ufa/avtomobili/lada_4x4_niva_2017_1924956178
"ВАЗ 2112, 2007",1.6,MT,90 л.с.,157 000 ,₽,2020-07-16 12:07:00,https://www.avito.ru/ufa/avtomobili/vaz_2112_2007_1958164698
"УАЗ Patriot, 2012",2.7,MT,128 л.с.,397 000 ,₽,2020-07-16 11:41:00,https://www.avito.ru/ufa/avtomobili/uaz_patriot_2012_1367328546
"LADA 4x4 (Нива), 2016",1.6,MT,80 л.с.,450 000 ,₽,2020-07-16 11:16:00,https://www.avito.ru/ufa/avtomobili/lada_4x4_niva_2016_1971118875
"LADA 4x4 (Нива), 2015",1.7,MT,83 л.с.,310 000 ,₽,2020-07-16 10:58:00,https://www.avito.ru/ufa/avtomobili/lada_4x4_niva_2015_1957558953
"Chevrolet Niva, 2017",1.7,MT,80 л.с.,470 000 ,₽,2020-07-16 10:47:00,https://www.avito.ru/ufa/avtomobili/chevrolet_niva_2017_1858137139
"LADA Priora, 2012",1.6,MT,98 л.с.,240 000 ,₽,2020-07-16 00:33:00,https://www.avito.ru/ufa/avtomobili/lada_priora_2012_1867892934
"ВАЗ 2113 Samara, 2007",1.6,MT,98 л.с.,140 000 ,₽,2020-07-16 00:31:00,https://www.avito.ru/ufa/avtomobili/vaz_2113_samara_2007_1967723885
"УАЗ 3909, 2017",2.7,MT,112 л.с.,350 000 ,₽,2020-07-15 23:41:00,https://www.avito.ru/ufa/avtomobili/uaz_3909_2017_1949386408
"LADA Granta, 2012",1.6,MT,87 л.с.,300 000 ,₽,2020-07-15 23:25:00,https://www.avito.ru/ufa/avtomobili/lada_granta_2012_1963539520
"Chevrolet Niva, 2012",1.7,MT,80 л.с.,305 000 ,₽,2020-07-15 22:37:00,https://www.avito.ru/ufa/avtomobili/chevrolet_niva_2012_1908062744
"LADA 4x4 (Нива), 2017",1.7,MT,83 л.с.,470 000 ,₽,2020-07-15 21:58:00,https://www.avito.ru/ufa/avtomobili/lada_4x4_niva_2017_1944695268
"LADA Granta, 2017",1.6,MT,87 л.с.,325 000 ,₽,2020-07-15 21:30:00,https://www.avito.ru/ufa/avtomobili/lada_granta_2017_1938308294
"Chevrolet Niva, 2009",1.7,MT,80 л.с.,250 000 ,₽,2020-07-15 21:07:00,https://www.avito.ru/raevskiy/avtomobili/chevrolet_niva_2009_1622816045
"Chevrolet Niva, 2012",1.7,MT,80 л.с.,360 000 ,₽,2020-07-15 20:14:00,https://www.avito.ru/ufa/avtomobili/chevrolet_niva_2012_1932534405
"Haima 7, 2014",2.0,AT,136 л.с.,480 000 ,₽,2020-07-15 19:57:00,https://www.avito.ru/ufa/avtomobili/haima_7_2014_1868229557
"ВАЗ 2107, 2011",1.6,MT,73 л.с.,138 000 ,₽,2020-07-15 18:19:00,https://www.avito.ru/karmaskaly/avtomobili/vaz_2107_2011_1965679421
"Chevrolet Aveo, 2013",1.6,AT,115 л.с.,449 000 ,₽,2020-07-15 18:14:00,https://www.avito.ru/ufa/avtomobili/chevrolet_aveo_2013_1948149763
"Chevrolet Niva, 2014",1.7,MT,80 л.с.,375 000 ,₽,2020-07-15 15:16:00,https://www.avito.ru/ufa/avtomobili/chevrolet_niva_2014_1928382952
"ВАЗ 2107, 2008",1.6,MT,73 л.с.,55 000 ,₽,2020-07-15 14:30:00,https://www.avito.ru/birsk/avtomobili/vaz_2107_2008_1954137373
"Citroen Jumper, 2013",2.2,MT,120 л.с.,470 000 ,₽,2020-07-15 14:22:00,https://www.avito.ru/ufa/avtomobili/citroen_jumper_2013_1947977001
"Chery Tiggo (T11), 2013",2.0,MT,136 л.с.,335 000 ,₽,2020-07-15 12:12:00,https://www.avito.ru/ufa/avtomobili/chery_tiggo_t11_2013_1973185026
"Citroen Jumper, 2012",2.2,MT,120 л.с.,420 000 ,₽,2020-07-15 11:29:00,https://www.avito.ru/ufa/avtomobili/citroen_jumper_2012_1884781228
"LADA 4x4 (Нива), 2015",1.7,MT,82 л.с.,333 000 ,₽,2020-07-15 08:34:00,https://www.avito.ru/kushnarenkovo/avtomobili/lada_4x4_niva_2015_1974422078
"УАЗ Hunter, 2009",2.7,MT,128 л.с.,219 000 ,₽,2020-07-15 07:44:00,https://www.avito.ru/ufa/avtomobili/uaz_hunter_2009_1885039187
"Renault Sandero Stepway, 2012",1.6,MT,84 л.с.,419 000 ,₽,2020-07-15 00:21:00,https://www.avito.ru/ufa/avtomobili/renault_sandero_stepway_2012_1963455635
"LADA Granta, 2013",1.6,MT,87 л.с.,255 000 ,₽,2020-07-14 20:55:00,https://www.avito.ru/ufa/avtomobili/lada_granta_2013_1980160401
"ВАЗ Largus Cross, 2016",1.6,MT,102 л.с.,486 000 ,₽,2020-07-14 19:25:00,https://www.avito.ru/ufa/avtomobili/vaz_largus_cross_2016_1874746868
"LADA Granta, 2019",1.6,MT,87 л.с.,450 000 ,₽,2020-07-14 17:11:00,https://www.avito.ru/ufa/avtomobili/lada_granta_2019_1849205826
"Nissan Note, 2011",1.6,MT,110 л.с.,435 000 ,₽,2020-07-14 17:10:00,https://www.avito.ru/ufa/avtomobili/nissan_note_2011_1963488261
"УАЗ 3909, 2005",2.9,MT,84 л.с.,80 000 ,₽,2020-07-14 15:11:00,https://www.avito.ru/ufa/avtomobili/uaz_3909_2005_1876144299
"LADA Kalina, 2014",1.6,MT,87 л.с.,260 000 ,₽,2020-07-14 15:08:00,https://www.avito.ru/ufa/avtomobili/lada_kalina_2014_1957664190
"Suzuki SX4, 2010",1.6,MT,112 л.с.,469 000 ,₽,2020-07-14 14:58:00,https://www.avito.ru/ufa/avtomobili/suzuki_sx4_2010_1955502082
"Renault Logan, 2016",1.6,MT,82 л.с.,425 000 ,₽,2020-07-14 12:53:00,https://www.avito.ru/ufa/avtomobili/renault_logan_2016_1925744309
"LADA Granta, 2012",1.6,MT,87 л.с.,180 000 ,₽,2020-07-14 12:45:00,https://www.avito.ru/ufa/avtomobili/lada_granta_2012_1966009069
"Citroen C4, 2012",1.6,MT,120 л.с.,420 000 ,₽,2020-07-14 10:47:00,https://www.avito.ru/davlekanovo/avtomobili/citroen_c4_2012_1916333042
"LADA Kalina, 2014",1.6,MT,87 л.с.,300 000 ,₽,2020-07-14 09:34:00,https://www.avito.ru/birsk/avtomobili/lada_kalina_2014_1921309463
"LADA 4x4 (Нива), 2014",1.7,MT,83 л.с.,280 000 ,₽,2020-07-14 07:08:00,https://www.avito.ru/ufa/avtomobili/lada_4x4_niva_2014_1919160907
"LADA 4x4 (Нива), 2014",1.7,MT,82 л.с.,299 000 ,₽,2020-07-13 23:34:00,https://www.avito.ru/ufa/avtomobili/lada_4x4_niva_2014_1972449765
"LADA 4x4 (Нива), 2011",1.7,MT,82 л.с.,240 000 ,₽,2020-07-13 18:44:00,https://www.avito.ru/bashkortostan_pavlovka/avtomobili/lada_4x4_niva_2011_1889580095
"Chevrolet Niva, 2014",1.7,MT,80 л.с.,390 000 ,₽,2020-07-13 18:26:00,https://www.avito.ru/ufa/avtomobili/chevrolet_niva_2014_1957436136
"LADA XRAY, 2016",1.6,MT,106 л.с.,435 000 ,₽,2020-07-13 13:39:00,https://www.avito.ru/ufa/avtomobili/lada_xray_2016_1953030022
"LADA Granta, 2018",1.6,MT,87 л.с.,450 000 ,₽,2020-07-13 10:43:00,https://www.avito.ru/asha/avtomobili/lada_granta_2018_1959648722
"KIA cee'd, 2011",1.6,AT,122 л.с.,500 000 ,₽,2020-07-13 00:39:00,https://www.avito.ru/ufa/avtomobili/kia_ceed_2011_1825356811
"LADA 4x4 (Нива), 2008",1.7,MT,83 л.с.,165 000 ,₽,2020-07-12 22:28:00,https://www.avito.ru/ufa/avtomobili/lada_4x4_niva_2008_1976224942
"LADA Granta, 2019",1.6,MT,87 л.с.,435 000 ,₽,2020-07-12 19:14:00,https://www.avito.ru/ufa/avtomobili/lada_granta_2019_1865907344
"Chevrolet Niva, 2015",1.7,MT,80 л.с.,395 000 ,₽,2020-07-12 19:03:00,https://www.avito.ru/ufa/avtomobili/chevrolet_niva_2015_1912625379
"LADA Vesta, 2016",1.6,AMT,106 л.с.,484 500 ,₽,2020-07-12 17:14:00,https://www.avito.ru/ufa/avtomobili/lada_vesta_2016_1857261382
"LADA 4x4 (Нива), 2017",1.7,MT,83 л.с.,390 000 ,₽,2020-07-12 17:11:00,https://www.avito.ru/ufa/avtomobili/lada_4x4_niva_2017_1915808390
"LADA 4x4 (Нива), 2017",1.7,MT,82 л.с.,455 000 ,₽,2020-07-12 16:43:00,https://www.avito.ru/bashkortostan_dmitrievka/avtomobili/lada_4x4_niva_2017_1459118785
"LADA Granta, 2018",1.6,MT,87 л.с.,330 000 ,₽,2020-07-12 16:25:00,https://www.avito.ru/ufa/avtomobili/lada_granta_2018_1946861827
"ВАЗ 2114 Samara, 2011",1.6,MT,81 л.с.,190 000 ,₽,2020-07-12 15:24:00,https://www.avito.ru/ufa/avtomobili/vaz_2114_samara_2011_1953852933
"LADA 4x4 (Нива), 2008",1.7,MT,80 л.с.,320 000 ,₽,2020-07-12 15:03:00,https://www.avito.ru/ufa/avtomobili/lada_4x4_niva_2008_1915832340
"LADA Granta, 2012",1.6,MT,87 л.с.,275 000 ,₽,2020-07-12 14:15:00,https://www.avito.ru/ufa/avtomobili/lada_granta_2012_1947691157
"ВАЗ 2107, 2007",1.6,MT,74 л.с.,63 000 ,₽,2020-07-12 14:14:00,https://www.avito.ru/ufa/avtomobili/vaz_2107_2007_1966480886
"Hyundai Solaris, 2014",1.6,MT,123 л.с.,470 000 ,₽,2020-07-12 13:54:00,https://www.avito.ru/ufa/avtomobili/hyundai_solaris_2014_1939367691
"ВАЗ 2107, 2005",1.7,MT,80 л.с.,50 000 ,₽,2020-07-12 13:41:00,https://www.avito.ru/ufa/avtomobili/vaz_2107_2005_1964869040
"Peugeot 408, 2012",1.6,MT,115 л.с.,355 000 ,₽,2020-07-12 12:30:00,https://www.avito.ru/bashkortostan_blagoveschensk/avtomobili/peugeot_408_2012_1929593598
"LADA 4x4 (Нива), 2018",1.7,MT,83 л.с.,475 000 ,₽,2020-07-12 11:27:00,https://www.avito.ru/ulukulevo/avtomobili/lada_4x4_niva_2018_1974756650
"LADA Kalina, 2011",1.6,MT,84 л.с.,180 000 ,₽,2020-07-11 21:15:00,https://www.avito.ru/ufa/avtomobili/lada_kalina_2011_1943419612
"LADA Priora, 2012",1.6,MT,98 л.с.,238 000 ,₽,2020-07-11 17:28:00,https://www.avito.ru/ufa/avtomobili/lada_priora_2012_1971655946
"Opel Astra, 2012",1.6,MT,115 л.с.,500 000 ,₽,2020-07-11 17:05:00,https://www.avito.ru/ufa/avtomobili/opel_astra_2012_1864481177
"LADA XRAY, 2016",1.6,MT,110 л.с.,500 000 ,₽,2020-07-11 16:06:00,https://www.avito.ru/birsk/avtomobili/lada_xray_2016_1973478659
"Chevrolet Niva, 2011",1.7,MT,80 л.с.,305 000 ,₽,2020-07-11 13:53:00,https://www.avito.ru/ufa/avtomobili/chevrolet_niva_2011_1889794098
"LADA Priora, 2013",1.6,MT,98 л.с.,315 000 ,₽,2020-07-11 12:57:00,https://www.avito.ru/ufa/avtomobili/lada_priora_2013_1884532567
"LADA Largus, 2015",1.6,MT,84 л.с.,450 000 ,₽,2020-07-11 08:35:00,https://www.avito.ru/ufa/avtomobili/lada_largus_2015_1922964421
"LADA Granta, 2014",1.6,MT,87 л.с.,235 000 ,₽,2020-07-11 07:45:00,https://www.avito.ru/ufa/avtomobili/lada_granta_2014_1956356320
"Renault Logan, 2017",1.6,MT,82 л.с.,500 000 ,₽,2020-07-11 01:15:00,https://www.avito.ru/ufa/avtomobili/renault_logan_2017_1898101118
"ГАЗ ГАЗель 3221, 2012",2.9,MT,107 л.с.,499 999 ,₽,2020-07-10 22:17:00,https://www.avito.ru/ufa/avtomobili/gaz_gazel_3221_2012_1953274655
"Datsun on-DO, 2014",1.6,MT,87 л.с.,320 000 ,₽,2020-07-10 21:56:00,https://www.avito.ru/ufa/avtomobili/datsun_on-do_2014_1925621423
"ВАЗ 2114 Samara, 2008",1.6,MT,82 л.с.,90 000 ,₽,2020-07-10 19:43:00,https://www.avito.ru/ufa/avtomobili/vaz_2114_samara_2008_1977602777
"LADA Kalina, 2013",1.6,MT,81 л.с.,297 000 ,₽,2020-07-10 17:27:00,https://www.avito.ru/ufa/avtomobili/lada_kalina_2013_1957114638
"Skoda Rapid, 2017",1.6,MT,90 л.с.,470 000 ,₽,2020-07-10 16:37:00,https://www.avito.ru/ufa/avtomobili/skoda_rapid_2017_1918882025
"Chevrolet Niva, 2012",1.7,MT,80 л.с.,335 000 ,₽,2020-07-10 15:30:00,https://www.avito.ru/ufa/avtomobili/chevrolet_niva_2012_1918214246
"LADA Granta, 2019",1.6,MT,87 л.с.,425 000 ,₽,2020-07-10 14:46:00,https://www.avito.ru/bashkortostan_yazykovo/avtomobili/lada_granta_2019_1977888434
"LADA Largus, 2014",1.6,MT,105 л.с.,450 000 ,₽,2020-07-10 11:57:00,https://www.avito.ru/ufa/avtomobili/lada_largus_2014_1969277342
"LADA Kalina, 2015",1.6,MT,118 л.с.,305 000 ,₽,2020-07-10 11:51:00,https://www.avito.ru/ufa/avtomobili/lada_kalina_2015_1957247239
"LADA Granta, 2019",1.6,MT,87 л.с.,440 000 ,₽,2020-07-10 10:53:00,https://www.avito.ru/bashkortostan_mishkino/avtomobili/lada_granta_2019_1957398684
"LADA 4x4 (Нива), 2019",1.7,MT,83 л.с.,470 000 ,₽,2020-07-10 09:13:00,https://www.avito.ru/ufa/avtomobili/lada_4x4_niva_2019_1946066254
"Chevrolet Niva, 2017",1.7,MT,80 л.с.,495 000 ,₽,2020-07-10 09:10:00,https://www.avito.ru/ufa/avtomobili/chevrolet_niva_2017_1941405439
"ВАЗ 2114 Samara, 2013",1.6,MT,81 л.с.,205 000 ,₽,2020-07-09 22:57:00,https://www.avito.ru/tolbazy/avtomobili/vaz_2114_samara_2013_1969249650
"KIA Rio, 2015",1.6,MT,123 л.с.,444 444 ,₽,2020-07-09 22:26:00,https://www.avito.ru/ufa/avtomobili/kia_rio_2015_1960490362
"LADA XRAY, 2017",1.6,MT,106 л.с.,470 000 ,₽,2020-07-09 22:17:00,https://www.avito.ru/ufa/avtomobili/lada_xray_2017_1919147304
"LADA 4x4 (Нива), 2015",1.7,MT,83 л.с.,380 000 ,₽,2020-07-09 21:54:00,https://www.avito.ru/tolbazy/avtomobili/lada_4x4_niva_2015_1898517773
"ВАЗ 2115 Samara, 2008",1.6,MT,82 л.с.,80 000 ,₽,2020-07-09 20:21:00,https://www.avito.ru/ufa/avtomobili/vaz_2115_samara_2008_1956713061
"LADA Kalina, 2013",1.6,MT,82 л.с.,200 000 ,₽,2020-07-09 17:55:00,https://www.avito.ru/ufa/avtomobili/lada_kalina_2013_1967002035
"LADA Granta, 2019",1.6,MT,87 л.с.,430 000 ,₽,2020-07-09 17:36:00,https://www.avito.ru/ufa/avtomobili/lada_granta_2019_1973374931
"Hyundai Solaris, 2012",1.6,MT,123 л.с.,440 000 ,₽,2020-07-09 16:46:00,https://www.avito.ru/ufa/avtomobili/hyundai_solaris_2012_1896341624
"LADA Granta, 2014",1.6,MT,82 л.с.,275 000 ,₽,2020-07-09 15:07:00,https://www.avito.ru/ufa/avtomobili/lada_granta_2014_1946917476
"ГАЗ ГАЗель 2747, 2010",2.9,MT,107 л.с.,300 000 ,₽,2020-07-09 14:48:00,https://www.avito.ru/ufa/avtomobili/gaz_gazel_2747_2010_1054969039
"LADA Granta, 2015",1.6,MT,87 л.с.,305 000 ,₽,2020-07-09 13:03:00,https://www.avito.ru/ufa/avtomobili/lada_granta_2015_1979690806
"LADA 4x4 (Нива), 2015",1.7,MT,83 л.с.,375 000 ,₽,2020-07-09 12:01:00,https://www.avito.ru/ufa/avtomobili/lada_4x4_niva_2015_1838512500
"Peugeot Partner, 2011",1.6,MT,90 л.с.,350 000 ,₽,2020-07-09 11:20:00,https://www.avito.ru/ufa/avtomobili/peugeot_partner_2011_774266857
"Volkswagen Polo, 2011",1.6,MT,105 л.с.,485 000 ,₽,2020-07-09 09:58:00,https://www.avito.ru/ufa/avtomobili/volkswagen_polo_2011_1389119929
"LADA Kalina, 2013",1.6,MT,81 л.с.,200 000 ,₽,2020-07-09 09:05:00,https://www.avito.ru/ufa/avtomobili/lada_kalina_2013_1827406186
"ВАЗ 2104, 2012",1.6,,74 л.с.,115 000 ,₽,2020-07-09 07:41:00,https://www.avito.ru/magnitogorsk/avtomobili/vaz_2104_2012_1010254229
"ВАЗ 2107, 2006",1.6,MT,74 л.с.,130 000 ,₽,2020-07-09 03:06:00,https://www.avito.ru/bashkortostan_dmitrievka/avtomobili/vaz_2107_2006_1808834677
"LADA 4x4 (Нива), 2011",1.7,MT,80 л.с.,200 000 ,₽,2020-07-09 01:00:00,https://www.avito.ru/ufa/avtomobili/lada_4x4_niva_2011_1946486344
"Datsun on-DO, 2018",1.6,MT,87 л.с.,369 000 ,₽,2020-07-08 20:24:00,https://www.avito.ru/ufa/avtomobili/datsun_on-do_2018_1931823496
"Chevrolet Niva, 2016",1.7,MT,80 л.с.,495 000 ,₽,2020-07-08 20:21:00,https://www.avito.ru/iglino/avtomobili/chevrolet_niva_2016_1945635185
"LADA Priora, 2017",1.6,MT,87 л.с.,325 000 ,₽,2020-07-08 18:50:00,https://www.avito.ru/ufa/avtomobili/lada_priora_2017_1942793771
"LADA Granta, 2017",1.6,MT,87 л.с.,395 000 ,₽,2020-07-08 18:34:00,https://www.avito.ru/bashkortostan_mihaylovka/avtomobili/lada_granta_2017_1918297197
"LADA Vesta, 2016",1.6,MT,106 л.с.,465 000 ,₽,2020-07-08 15:16:00,https://www.avito.ru/ufa/avtomobili/lada_vesta_2016_1882730433
"Great Wall Wingle, 2008",2.8,MT,95 л.с.,395 000 ,₽,2020-07-08 13:15:00,https://www.avito.ru/bashkortostan_dmitrievka/avtomobili/great_wall_wingle_2008_326810401
"LADA Kalina, 2012",1.6,MT,89 л.с.,205 000 ,₽,2020-07-08 11:18:00,https://www.avito.ru/ufa/avtomobili/lada_kalina_2012_1954975670
"Nissan Sentra, 2014",1.6,CVT,117 л.с.,500 000 ,₽,2020-07-08 09:18:00,https://www.avito.ru/ufa/avtomobili/nissan_sentra_2014_1919993824
"LADA Kalina, 2013",1.6,AT,98 л.с.,330 000 ,₽,2020-07-08 08:18:00,https://www.avito.ru/ufa/avtomobili/lada_kalina_2013_1823946712
"ГАЗ ГАЗель 33023, 2014",2.8,MT,120 л.с.,500 000 ,₽,2020-07-07 23:59:00,https://www.avito.ru/ufa/avtomobili/gaz_gazel_33023_2014_1877586202
"Renault Sandero Stepway, 2013",1.6,MT,82 л.с.,455 000 ,₽,2020-07-07 22:57:00,https://www.avito.ru/ufa/avtomobili/renault_sandero_stepway_2013_1981344368
"LADA Kalina, 2015",1.6,MT,87 л.с.,310 000 ,₽,2020-07-07 22:17:00,https://www.avito.ru/ufa/avtomobili/lada_kalina_2015_1929931595
"LADA Largus, 2014",1.6,MT,87 л.с.,290 000 ,₽,2020-07-07 21:46:00,https://www.avito.ru/ufa/avtomobili/lada_largus_2014_1911520726
"Ford Focus, 2012",1.6,MT,125 л.с.,460 000 ,₽,2020-07-07 21:40:00,https://www.avito.ru/ufa/avtomobili/ford_focus_2012_1958064283
"Opel Astra, 2011",1.6,MT,115 л.с.,410 000 ,₽,2020-07-07 21:29:00,https://www.avito.ru/ufa/avtomobili/opel_astra_2011_1969869540
"Datsun on-DO, 2015",1.6,MT,87 л.с.,330 000 ,₽,2020-07-07 19:05:00,https://www.avito.ru/ufa/avtomobili/datsun_on-do_2015_1888906402
"Chevrolet Niva, 2017",1.7,MT,80 л.с.,500 000 ,₽,2020-07-07 18:45:00,https://www.avito.ru/ufa/avtomobili/chevrolet_niva_2017_1827078261
"Datsun mi-DO, 2018",1.6,MT,87 л.с.,500 000 ,₽,2020-07-07 17:27:00,https://www.avito.ru/birsk/avtomobili/datsun_mi-do_2018_1918028248
"LADA Granta, 2013",1.6,MT,87 л.с.,270 000 ,₽,2020-07-07 16:46:00,https://www.avito.ru/ufa/avtomobili/lada_granta_2013_1941879594
"LADA Granta, 2017",1.6,MT,87 л.с.,350 000 ,₽,2020-07-07 14:39:00,https://www.avito.ru/ufa/avtomobili/lada_granta_2017_1951335532
"УАЗ 3909, 2017",2.7,MT,112 л.с.,390 000 ,₽,2020-07-07 14:32:00,https://www.avito.ru/bashkortostan_dmitrievka/avtomobili/uaz_3909_2017_1979137044
"LADA Largus, 2013",1.6,MT,84 л.с.,358 000 ,₽,2020-07-07 14:18:00,https://www.avito.ru/ufa/avtomobili/lada_largus_2013_1978624418
"Chevrolet Niva, 2015",1.7,MT,80 л.с.,460 000 ,₽,2020-07-07 12:56:00,https://www.avito.ru/ufa/avtomobili/chevrolet_niva_2015_1933275914
"LADA Kalina, 2016",1.6,MT,87 л.с.,375 000 ,₽,2020-07-07 11:59:00,https://www.avito.ru/ufa/avtomobili/lada_kalina_2016_1893869488
"ГАЗ ГАЗель 2705, 2015",2.9,MT,107 л.с.,419 000 ,₽,2020-07-07 10:20:00,https://www.avito.ru/ufa/avtomobili/gaz_gazel_2705_2015_1854228219
"Ford Fiesta, 2015",1.6,MT,105 л.с.,450 000 ,₽,2020-07-07 01:51:00,https://www.avito.ru/karmaskaly/avtomobili/ford_fiesta_2015_1887133571
"LADA Granta, 2016",1.6,MT,87 л.с.,400 000 ,₽,2020-07-06 23:48:00,https://www.avito.ru/ufa/avtomobili/lada_granta_2016_1894379370
"LADA Granta, 2016",1.6,MT,87 л.с.,364 000 ,₽,2020-07-06 23:12:00,https://www.avito.ru/bashkortostan_dmitrievka/avtomobili/lada_granta_2016_1979473439
"ВАЗ 2107, 2007",1.6,MT,74 л.с.,300 000 ,₽,2020-07-06 21:30:00,https://www.avito.ru/ufa/avtomobili/vaz_2107_2007_1951766840
"LADA 4x4 (Нива), 2015",1.7,MT,83 л.с.,285 000 ,₽,2020-07-06 20:49:00,https://www.avito.ru/ufa/avtomobili/lada_4x4_niva_2015_1957125900
"LADA 4x4 (Нива), 2016",1.7,MT,83 л.с.,360 000 ,₽,2020-07-06 20:44:00,https://www.avito.ru/bashkortostan_yazykovo/avtomobili/lada_4x4_niva_2016_1919097008
"Nissan Almera, 2014",1.6,MT,102 л.с.,469 100 ,₽,2020-07-06 20:11:00,https://www.avito.ru/bashkortostan_blagoveschensk/avtomobili/nissan_almera_2014_1921524770
"Peugeot 408, 2013",1.6,AT,120 л.с.,399 000 ,₽,2020-07-06 20:07:00,https://www.avito.ru/ufa/avtomobili/peugeot_408_2013_1968460616
"LADA Kalina, 2014",1.6,MT,87 л.с.,257 000 ,₽,2020-07-06 20:07:00,https://www.avito.ru/bashkortostan_dmitrievka/avtomobili/lada_kalina_2014_1971854293
"LADA Kalina, 2010",1.6,MT,81 л.с.,170 000 ,₽,2020-07-06 20:00:00,https://www.avito.ru/bashkortostan_blagoveschensk/avtomobili/lada_kalina_2010_1959140944
"LADA Kalina, 2013",1.6,MT,87 л.с.,250 000 ,₽,2020-07-06 19:10:00,https://www.avito.ru/bashkortostan_yazykovo/avtomobili/lada_kalina_2013_1975543510
"LADA Kalina, 2016",1.6,MT,87 л.с.,335 000 ,₽,2020-07-06 18:44:00,https://www.avito.ru/ufa/avtomobili/lada_kalina_2016_1953175181
"LADA 4x4 (Нива), 2012",1.7,MT,83 л.с.,244 000 ,₽,2020-07-06 17:33:00,https://www.avito.ru/sterlitamak/avtomobili/lada_4x4_niva_2012_1789774767
"LADA 4x4 (Нива), 2017",1.7,MT,83 л.с.,399 000 ,₽,2020-07-06 16:31:00,https://www.avito.ru/ufa/avtomobili/lada_4x4_niva_2017_1886279699
"LADA Granta, 2017",1.6,MT,87 л.с.,355 000 ,₽,2020-07-06 15:54:00,https://www.avito.ru/ufa/avtomobili/lada_granta_2017_1913399038
"Nissan Almera, 2018",1.6,AT,102 л.с.,490 000 ,₽,2020-07-06 12:25:00,https://www.avito.ru/ufa/avtomobili/nissan_almera_2018_1975903352
"ГАЗ ГАЗель 3221, 2014",2.9,MT,107 л.с.,500 000 ,₽,2020-07-06 10:44:00,https://www.avito.ru/bashkortostan_yazykovo/avtomobili/gaz_gazel_3221_2014_1900652861
"УАЗ 3909, 2017",2.7,MT,112 л.с.,360 000 ,₽,2020-07-06 01:14:00,https://www.avito.ru/bashkortostan_mihaylovka/avtomobili/uaz_3909_2017_1927183587
"LADA Vesta, 2017",1.6,MT,106 л.с.,490 000 ,₽,2020-07-05 22:46:00,https://www.avito.ru/ufa/avtomobili/lada_vesta_2017_1271403154
"ВАЗ 2114 Samara, 2011",1.6,MT,81 л.с.,160 000 ,₽,2020-07-05 20:25:00,https://www.avito.ru/ufa/avtomobili/vaz_2114_samara_2011_1925259289
"KIA Cerato, 2008",1.6,AT,124 л.с.,363 000 ,₽,2020-07-05 19:28:00,https://www.avito.ru/ufa/avtomobili/kia_cerato_2008_1937940491
"Chery M11 (A3), 2010",1.6,MT,119 л.с.,175 000 ,₽,2020-07-05 18:41:00,https://www.avito.ru/ufa/avtomobili/chery_m11_a3_2010_1977886532
"ГАЗ ГАЗель 2747, 2008",2.5,MT,140 л.с.,350 000 ,₽,2020-07-05 18:26:00,https://www.avito.ru/iglino/avtomobili/gaz_gazel_2747_2008_1969502815
"Chevrolet Aveo, 2012",1.6,MT,115 л.с.,450 000 ,₽,2020-07-05 17:41:00,https://www.avito.ru/birsk/avtomobili/chevrolet_aveo_2012_1967598646
"Chevrolet Cruze, 2013",1.6,MT,109 л.с.,450 000 ,₽,2020-07-05 17:12:00,https://www.avito.ru/ufa/avtomobili/chevrolet_cruze_2013_1956905346
"LADA XRAY, 2018",1.6,MT,106 л.с.,485 000 ,₽,2020-07-05 16:04:00,https://www.avito.ru/tolbazy/avtomobili/lada_xray_2018_1925556326
"LADA Granta, 2013",1.6,MT,87 л.с.,270 000 ,₽,2020-07-05 11:55:00,https://www.avito.ru/ufa/avtomobili/lada_granta_2013_1976710085
"LADA Granta, 2018",1.6,MT,87 л.с.,359 000 ,₽,2020-07-05 11:51:00,https://www.avito.ru/ufa/avtomobili/lada_granta_2018_1967087224
"LADA Kalina, 2007",1.6,MT,81 л.с.,135 000 ,₽,2020-07-05 11:33:00,https://www.avito.ru/ufa/avtomobili/lada_kalina_2007_1893562103
"ГАЗ ГАЗель 3302, 2014",2.9,MT,107 л.с.,449 000 ,₽,2020-07-05 10:43:00,https://www.avito.ru/ufa/avtomobili/gaz_gazel_3302_2014_1139843618
"LADA Kalina, 2011",1.6,MT,84 л.с.,255 000 ,₽,2020-07-05 10:26:00,https://www.avito.ru/ufa/avtomobili/lada_kalina_2011_1954860072
"LADA Kalina, 2017",1.6,MT,87 л.с.,335 000 ,₽,2020-07-05 08:43:00,https://www.avito.ru/ufa/avtomobili/lada_kalina_2017_1971400899
"Renault Logan, 2016",1.6,MT,82 л.с.,420 000 ,₽,2020-07-04 23:51:00,https://www.avito.ru/ufa/avtomobili/renault_logan_2016_1937529884
"Datsun on-DO, 2015",1.6,MT,87 л.с.,335 000 ,₽,2020-07-04 23:37:00,https://www.avito.ru/ufa/avtomobili/datsun_on-do_2015_1911800282
"LADA 4x4 (Нива), 2013",1.6,MT,80 л.с.,270 000 ,₽,2020-07-04 20:09:00,https://www.avito.ru/ufa/avtomobili/lada_4x4_niva_2013_1921482832
"Chevrolet Niva, 2009",1.7,MT,80 л.с.,380 000 ,₽,2020-07-04 19:10:00,https://www.avito.ru/ufa/avtomobili/chevrolet_niva_2009_1936386663
"Hyundai Solaris, 2014",1.6,MT,123 л.с.,490 000 ,₽,2020-07-04 15:10:00,https://www.avito.ru/ufa/avtomobili/hyundai_solaris_2014_1953004717
"LADA Vesta, 2016",1.6,MT,106 л.с.,475 000 ,₽,2020-07-04 15:08:00,https://www.avito.ru/ufa/avtomobili/lada_vesta_2016_1934123471
"ВАЗ Kalina Cross, 2017",1.6,MT,87 л.с.,390 000 ,₽,2020-07-04 12:33:00,https://www.avito.ru/bashkortostan_yazykovo/avtomobili/vaz_kalina_cross_2017_1978355517
"LADA Granta, 2016",1.6,MT,87 л.с.,260 000 ,₽,2020-07-04 10:06:00,https://www.avito.ru/ufa/avtomobili/lada_granta_2016_1937682869
"LADA Kalina, 2012",1.6,MT,84 л.с.,189 000 ,₽,2020-07-04 10:02:00,https://www.avito.ru/ufa/avtomobili/lada_kalina_2012_1977309417
"LADA Priora, 2017",1.6,MT,87 л.с.,350 000 ,₽,2020-07-04 07:23:00,https://www.avito.ru/ufa/avtomobili/lada_priora_2017_1933473055
"Datsun on-DO, 2018",1.6,MT,106 л.с.,410 000 ,₽,2020-07-03 21:32:00,https://www.avito.ru/iglino/avtomobili/datsun_on-do_2018_1908942881
"LADA Granta, 2018",1.6,MT,106 л.с.,395 000 ,₽,2020-07-03 21:07:00,https://www.avito.ru/ufa/avtomobili/lada_granta_2018_1979028216
"LADA Granta, 2018",1.6,MT,87 л.с.,459 000 ,₽,2020-07-03 19:10:00,https://www.avito.ru/ufa/avtomobili/lada_granta_2018_1863820188
"Ford EcoSport, 2014",1.6,AMT,122 л.с.,450 000 ,₽,2020-07-03 18:03:00,https://www.avito.ru/ufa/avtomobili/ford_ecosport_2014_1842013304
"LADA Granta, 2018",1.6,MT,87 л.с.,320 000 ,₽,2020-07-03 16:40:00,https://www.avito.ru/ufa/avtomobili/lada_granta_2018_1890896246
"LADA 4x4 (Нива), 2011",1.7,MT,80 л.с.,175 000 ,₽,2020-07-03 16:25:00,https://www.avito.ru/ufa/avtomobili/lada_4x4_niva_2011_1972151846
"LADA Granta, 2013",1.6,AT,98 л.с.,295 000 ,₽,2020-07-03 15:39:00,https://www.avito.ru/ufa/avtomobili/lada_granta_2013_1959311998
"Chevrolet Aveo, 2013",1.6,MT,115 л.с.,460 000 ,₽,2020-07-03 12:25:00,https://www.avito.ru/ufa/avtomobili/chevrolet_aveo_2013_1805010710
"LADA Kalina, 2013",1.6,MT,81 л.с.,260 000 ,₽,2020-07-03 11:33:00,https://www.avito.ru/ufa/avtomobili/lada_kalina_2013_1928844323
"LADA Granta, 2019",1.6,MT,87 л.с.,400 000 ,₽,2020-07-03 09:28:00,https://www.avito.ru/ufa/avtomobili/lada_granta_2019_1863572340
"LIFAN X60, 2016",1.8,MT,128 л.с.,470 000 ,₽,2020-07-03 09:18:00,https://www.avito.ru/karmaskaly/avtomobili/lifan_x60_2016_1888220178
"Chevrolet Aveo, 2014",1.6,MT,115 л.с.,430 000 ,₽,2020-07-03 00:37:00,https://www.avito.ru/ufa/avtomobili/chevrolet_aveo_2014_1961525867
"LADA 4x4 (Нива), 2012",1.7,MT,83 л.с.,288 000 ,₽,2020-07-02 23:52:00,https://www.avito.ru/alkino-2/avtomobili/lada_4x4_niva_2012_1918371627
"Renault Sandero, 2013",1.6,AT,103 л.с.,495 000 ,₽,2020-07-02 21:56:00,https://www.avito.ru/ufa/avtomobili/renault_sandero_2013_1960516258
"LADA Granta, 2018",1.6,MT,87 л.с.,380 000 ,₽,2020-07-02 19:34:00,https://www.avito.ru/davlekanovo/avtomobili/lada_granta_2018_1978601980
"Peugeot Boxer, 2011",2.2,MT,120 л.с.,470 000 ,₽,2020-07-02 19:30:00,https://www.avito.ru/alkino-2/avtomobili/peugeot_boxer_2011_1933997165
"Chevrolet Niva, 2017",1.7,MT,80 л.с.,475 000 ,₽,2020-07-02 17:39:00,https://www.avito.ru/ufa/avtomobili/chevrolet_niva_2017_1935481715
"Citroen C3 Picasso, 2012",1.6,AMT,115 л.с.,240 000 ,₽,2020-07-02 15:34:00,https://www.avito.ru/ufa/avtomobili/citroen_c3_picasso_2012_1955453040
"LADA 4x4 (Нива), 2018",1.7,MT,83 л.с.,430 000 ,₽,2020-07-02 14:50:00,https://www.avito.ru/ufa/avtomobili/lada_4x4_niva_2018_1932610607
"Datsun on-DO, 2016",1.6,MT,87 л.с.,335 000 ,₽,2020-07-02 12:37:00,https://www.avito.ru/ufa/avtomobili/datsun_on-do_2016_1829661663
"LADA Granta, 2017",1.6,MT,87 л.с.,420 000 ,₽,2020-07-02 11:19:00,https://www.avito.ru/ufa/avtomobili/lada_granta_2017_1980199308
"Ford Mondeo, 2007",1.8,MT,125 л.с.,340 000 ,₽,2020-07-02 10:29:00,https://www.avito.ru/ufa/avtomobili/ford_mondeo_2007_1936089613
"Chevrolet Niva, 2013",1.7,MT,80 л.с.,349 000 ,₽,2020-07-02 09:49:00,https://www.avito.ru/ufa/avtomobili/chevrolet_niva_2013_1858248766
"LADA Granta, 2016",1.6,MT,106 л.с.,370 000 ,₽,2020-07-02 09:26:00,https://www.avito.ru/ufa/avtomobili/lada_granta_2016_1822388494
"Chevrolet Niva, 2015",1.7,MT,80 л.с.,440 000 ,₽,2020-07-02 09:02:00,https://www.avito.ru/ufa/avtomobili/chevrolet_niva_2015_1952512011
"Chevrolet Niva, 2014",1.7,MT,80 л.с.,365 000 ,₽,2020-07-02 01:49:00,https://www.avito.ru/ufa/avtomobili/chevrolet_niva_2014_1921331475
"LADA Granta, 2013",1.6,AT,98 л.с.,335 000 ,₽,2020-07-01 21:24:00,https://www.avito.ru/ufa/avtomobili/lada_granta_2013_1901455223
"Hyundai Accent, 2007",1.6,MT,112 л.с.,255 000 ,₽,2020-07-01 21:09:00,https://www.avito.ru/ufa/avtomobili/hyundai_accent_2007_1956766635
"LIFAN X60, 2015",1.8,MT,128 л.с.,425 000 ,₽,2020-07-01 20:36:00,https://www.avito.ru/ufa/avtomobili/lifan_x60_2015_1863003058
"LADA Priora, 2014",1.6,MT,98 л.с.,290 000 ,₽,2020-07-01 20:31:00,https://www.avito.ru/ufa/avtomobili/lada_priora_2014_1684855179
"Renault Logan, 2017",1.6,MT,82 л.с.,465 000 ,₽,2020-07-01 19:17:00,https://www.avito.ru/ufa/avtomobili/renault_logan_2017_1944594772
"LADA Granta, 2018",1.6,MT,106 л.с.,389 000 ,₽,2020-07-01 18:53:00,https://www.avito.ru/ufa/avtomobili/lada_granta_2018_1968962545
"ВАЗ 2112, 2007",1.6,MT,90 л.с.,188 000 ,₽,2020-07-01 14:15:00,https://www.avito.ru/ufa/avtomobili/vaz_2112_2007_1979508254
"LADA 4x4 (Нива), 2018",1.6,MT,73 л.с.,400 000 ,₽,2020-07-01 11:57:00,https://www.avito.ru/ufa/avtomobili/lada_4x4_niva_2018_1948165161
"LADA 4x4 (Нива), 2018",1.6,MT,73 л.с.,400 000 ,₽,2020-07-01 11:57:00,https://www.avito.ru/ufa/avtomobili/lada_4x4_niva_2018_1948165161
"УАЗ Patriot, 2013",2.2,MT,114 л.с.,190 000 ,₽,2020-07-01 10:47:00,https://www.avito.ru/ufa/avtomobili/uaz_patriot_2013_1966666051
"Skoda Rapid, 2014",1.6,MT,105 л.с.,480 000 ,₽,2020-07-01 03:13:00,https://www.avito.ru/ufa/avtomobili/skoda_rapid_2014_1868022794
"LADA Granta, 2017",1.6,MT,87 л.с.,295 000 ,₽,2020-07-01 00:45:00,https://www.avito.ru/ufa/avtomobili/lada_granta_2017_1928543641
"Chevrolet Niva, 2013",1.7,MT,80 л.с.,380 000 ,₽,2020-06-30 23:55:00,https://www.avito.ru/ufa/avtomobili/chevrolet_niva_2013_1952547616
"Chevrolet Cruze, 2012",1.6,AT,109 л.с.,439 000 ,₽,2020-06-30 23:00:00,https://www.avito.ru/ufa/avtomobili/chevrolet_cruze_2012_1980562955
"LADA Kalina, 2012",1.6,MT,82 л.с.,300 000 ,₽,2020-06-30 22:14:00,https://www.avito.ru/ufa/avtomobili/lada_kalina_2012_1088177693
"ВАЗ 2105, 2010",1.6,MT,73 л.с.,65 000 ,₽,2020-06-30 21:24:00,https://www.avito.ru/ufa/avtomobili/vaz_2105_2010_1933445413
"LADA Granta, 2019",1.6,MT,87 л.с.,455 000 ,₽,2020-06-30 20:39:00,https://www.avito.ru/ufa/avtomobili/lada_granta_2019_1944940581
"ВАЗ 2105, 2010",1.6,MT,73 л.с.,70 000 ,₽,2020-06-30 20:10:00,https://www.avito.ru/kushnarenkovo/avtomobili/vaz_2105_2010_1875723324
"LADA Granta, 2013",1.6,AT,98 л.с.,290 000 ,₽,2020-06-30 17:37:00,https://www.avito.ru/ufa/avtomobili/lada_granta_2013_1910359069
"Datsun on-DO, 2017",1.6,MT,87 л.с.,375 000 ,₽,2020-06-30 13:21:00,https://www.avito.ru/ufa/avtomobili/datsun_on-do_2017_1971679269
"LADA Granta, 2014",1.6,MT,87 л.с.,265 000 ,₽,2020-06-30 12:29:00,https://www.avito.ru/ufa/avtomobili/lada_granta_2014_1861466448
"LADA Granta, 2013",1.6,MT,82 л.с.,255 000 ,₽,2020-06-30 11:37:00,https://www.avito.ru/alkino-2/avtomobili/lada_granta_2013_1949613958
"Chevrolet Aveo, 2014",1.6,AT,115 л.с.,440 000 ,₽,2020-06-30 10:59:00,https://www.avito.ru/ufa/avtomobili/chevrolet_aveo_2014_1882634393
"Renault Logan, 2012",1.6,AT,103 л.с.,400 000 ,₽,2020-06-29 22:26:00,https://www.avito.ru/ufa/avtomobili/renault_logan_2012_1918113916
"Great Wall Hover H5, 2013",2.0,AT,143 л.с.,480 000 ,₽,2020-06-29 19:19:00,https://www.avito.ru/ufa/avtomobili/great_wall_hover_h5_2013_1768723682
"ВАЗ 2111, 2011",1.6,MT,81 л.с.,115 000 ,₽,2020-06-29 17:49:00,https://www.avito.ru/ufa/avtomobili/vaz_2111_2011_1910869893
"Opel Astra, 2013",1.6,MT,115 л.с.,499 000 ,₽,2020-06-29 17:20:00,https://www.avito.ru/ufa/avtomobili/opel_astra_2013_1960249453
"Volkswagen Polo, 2014",1.6,MT,105 л.с.,420 000 ,₽,2020-06-29 16:50:00,https://www.avito.ru/ufa/avtomobili/volkswagen_polo_2014_1888943041
"Chevrolet Cruze, 2013",1.6,MT,109 л.с.,435 000 ,₽,2020-06-29 15:58:00,https://www.avito.ru/ufa/avtomobili/chevrolet_cruze_2013_1926735613
"ВАЗ 2104, 2008",1.6,MT,74 л.с.,55 000 ,₽,2020-06-29 15:42:00,https://www.avito.ru/ufa/avtomobili/vaz_2104_2008_1903751537
"LADA Kalina, 2015",1.6,MT,106 л.с.,350 000 ,₽,2020-06-29 10:20:00,https://www.avito.ru/ufa/avtomobili/lada_kalina_2015_1935656508
"ВАЗ 2104, 2011",1.6,MT,74 л.с.,160 000 ,₽,2020-06-29 10:03:00,https://www.avito.ru/ufa/avtomobili/vaz_2104_2011_1956657904
"LADA 4x4 (Нива), 2014",1.7,MT,83 л.с.,360 000 ,₽,2020-06-29 08:14:00,https://www.avito.ru/asha/avtomobili/lada_4x4_niva_2014_1913084145
"УАЗ 3962, 2010",2.7,MT,112 л.с.,220 000 ,₽,2020-06-28 22:28:00,https://www.avito.ru/bashkortostan_blagoveschensk/avtomobili/uaz_3962_2010_1872935489
"LADA 4x4 (Нива), 2016",1.7,MT,83 л.с.,380 000 ,₽,2020-06-28 22:02:00,https://www.avito.ru/ufa/avtomobili/lada_4x4_niva_2016_1974045834
"Chevrolet Niva, 2015",1.7,MT,80 л.с.,340 000 ,₽,2020-06-28 21:45:00,https://www.avito.ru/ufa/avtomobili/chevrolet_niva_2015_1574507436
"LADA Granta, 2016",1.6,MT,87 л.с.,320 000 ,₽,2020-06-28 20:50:00,https://www.avito.ru/birsk/avtomobili/lada_granta_2016_1947314778
"LADA 4x4 (Нива), 2016",1.7,MT,83 л.с.,450 000 ,₽,2020-06-28 20:12:00,https://www.avito.ru/ufa/avtomobili/lada_4x4_niva_2016_1941700866
"LADA Granta, 2019",1.6,MT,87 л.с.,445 000 ,₽,2020-06-28 19:57:00,https://www.avito.ru/bashkortostan_mihaylovka/avtomobili/lada_granta_2019_1934293786
"Opel Astra, 2012",1.6,MT,115 л.с.,370 000 ,₽,2020-06-28 19:20:00,https://www.avito.ru/ufa/avtomobili/opel_astra_2012_1879555311
"LADA 4x4 (Нива), 2014",1.7,MT,83 л.с.,290 000 ,₽,2020-06-28 18:21:00,https://www.avito.ru/ufa/avtomobili/lada_4x4_niva_2014_1925603010
"УАЗ 3909, 2005",2.4,MT,92 л.с.,85 000 ,₽,2020-06-28 18:17:00,https://www.avito.ru/ufa/avtomobili/uaz_3909_2005_1907125461
"Chevrolet Cruze, 2012",1.6,AT,109 л.с.,390 000 ,₽,2020-06-28 18:01:00,https://www.avito.ru/ufa/avtomobili/chevrolet_cruze_2012_1927566471
"LADA Granta, 2013",1.6,MT,87 л.с.,280 000 ,₽,2020-06-28 17:35:00,https://www.avito.ru/ufa/avtomobili/lada_granta_2013_1939980360
"ГАЗ ГАЗель 3302, 2012",2.9,MT,107 л.с.,495 000 ,₽,2020-06-28 17:16:00,https://www.avito.ru/ufa/avtomobili/gaz_gazel_3302_2012_1941650732
"ГАЗ ГАЗель 2705, 2009",2.5,MT,124 л.с.,160 000 ,₽,2020-06-28 16:59:00,https://www.avito.ru/ufa/avtomobili/gaz_gazel_2705_2009_1954301654
"LIFAN X60, 2013",1.8,MT,128 л.с.,380 000 ,₽,2020-06-28 15:21:00,https://www.avito.ru/ufa/avtomobili/lifan_x60_2013_1970688092
"LADA 4x4 (Нива), 2015",1.7,MT,83 л.с.,360 000 ,₽,2020-06-28 14:41:00,https://www.avito.ru/krasnousolskiy/avtomobili/lada_4x4_niva_2015_1916827974
"Chevrolet Niva, 2011",1.7,MT,80 л.с.,310 000 ,₽,2020-06-28 12:05:00,https://www.avito.ru/iglino/avtomobili/chevrolet_niva_2011_1975733912
"LADA 4x4 (Нива), 2017",1.7,MT,82 л.с.,450 000 ,₽,2020-06-28 12:03:00,https://www.avito.ru/ufa/avtomobili/lada_4x4_niva_2017_1832452576
"BAW Fenix, 2013",3.2,MT,103 л.с.,400 000 ,₽,2020-06-28 11:15:00,https://www.avito.ru/ufa/avtomobili/baw_fenix_2013_1880819854
"LADA 4x4 (Нива), 2014",1.7,MT,82 л.с.,345 000 ,₽,2020-06-28 09:39:00,https://www.avito.ru/ufa/avtomobili/lada_4x4_niva_2014_1244558834
"LIFAN Solano, 2014",1.8,MT,125 л.с.,250 000 ,₽,2020-06-28 09:26:00,https://www.avito.ru/ufa/avtomobili/lifan_solano_2014_1796989089
"LADA Granta, 2018",1.6,MT,106 л.с.,450 000 ,₽,2020-06-27 23:37:00,https://www.avito.ru/ufa/avtomobili/lada_granta_2018_1926484600
"LADA Granta, 2014",1.6,MT,87 л.с.,249 000 ,₽,2020-06-27 18:21:00,https://www.avito.ru/ufa/avtomobili/lada_granta_2014_1951557584
"LADA 4x4 (Нива), 2016",1.7,MT,83 л.с.,340 000 ,₽,2020-06-27 18:18:00,https://www.avito.ru/ufa/avtomobili/lada_4x4_niva_2016_1941218995
"ГАЗ ГАЗель 3221, 2010",2.9,MT,107 л.с.,280 000 ,₽,2020-06-27 13:59:00,https://www.avito.ru/ufa/avtomobili/gaz_gazel_3221_2010_1833294977
"LADA 4x4 (Нива), 2019",1.7,MT,83 л.с.,439 000 ,₽,2020-06-27 11:02:00,https://www.avito.ru/ufa/avtomobili/lada_4x4_niva_2019_1969674875
"ГАЗ ГАЗель 3221, 2010",2.9,MT,107 л.с.,280 000 ,₽,2020-06-27 13:59:00,https://www.avito.ru/ufa/avtomobili/gaz_gazel_3221_2010_1833294977
"LADA 4x4 (Нива), 2019",1.7,MT,83 л.с.,439 000 ,₽,2020-06-27 11:02:00,https://www.avito.ru/ufa/avtomobili/lada_4x4_niva_2019_1969674875
"Volkswagen Polo, 2011",1.6,MT,105 л.с.,430 000 ,₽,2020-06-26 23:00:00,https://www.avito.ru/ufa/avtomobili/volkswagen_polo_2011_1930418149
"Renault Logan, 2016",1.6,MT,82 л.с.,460 000 ,₽,2020-06-26 22:55:00,https://www.avito.ru/ufa/avtomobili/renault_logan_2016_1267378470
"LADA 4x4 (Нива), 2019",1.7,MT,83 л.с.,470 000 ,₽,2020-06-26 21:50:00,https://www.avito.ru/ufa/avtomobili/lada_4x4_niva_2019_1909707981
"Ford Focus, 2010",1.6,MT,115 л.с.,430 000 ,₽,2020-06-26 20:45:00,https://www.avito.ru/ufa/avtomobili/ford_focus_2010_1931156224
"LADA 4x4 (Нива), 2017",1.8,MT,82 л.с.,440 000 ,₽,2020-06-26 20:25:00,https://www.avito.ru/ufa/avtomobili/lada_4x4_niva_2017_1936318549
"Ford Focus, 2014",1.6,AMT,125 л.с.,500 000 ,₽,2020-06-26 19:34:00,https://www.avito.ru/ufa/avtomobili/ford_focus_2014_1872898103
"LADA Vesta, 2017",1.6,MT,106 л.с.,460 000 ,₽,2020-06-26 19:04:00,https://www.avito.ru/ufa/avtomobili/lada_vesta_2017_1918541730
"Chevrolet Aveo, 2014",1.6,AT,115 л.с.,455 000 ,₽,2020-06-26 18:47:00,https://www.avito.ru/ufa/avtomobili/chevrolet_aveo_2014_1930445574
"LADA Kalina, 2015",1.6,MT,106 л.с.,382 000 ,₽,2020-06-26 17:22:00,https://www.avito.ru/ufa/avtomobili/lada_kalina_2015_1804656656
"LADA Granta, 2013",1.6,MT,87 л.с.,265 000 ,₽,2020-06-26 15:38:00,https://www.avito.ru/ufa/avtomobili/lada_granta_2013_1908694885
"LADA Kalina, 2013",1.6,MT,81 л.с.,209 000 ,₽,2020-06-26 14:49:00,https://www.avito.ru/ufa/avtomobili/lada_kalina_2013_1974732926
"Datsun on-DO, 2017",1.6,MT,87 л.с.,345 000 ,₽,2020-06-26 13:32:00,https://www.avito.ru/ufa/avtomobili/datsun_on-do_2017_1934710006
"LADA 4x4 (Нива), 2014",1.7,MT,83 л.с.,300 000 ,₽,2020-06-26 12:46:00,https://www.avito.ru/ufa/avtomobili/lada_4x4_niva_2014_1945095662
"LADA Priora, 2013",1.6,MT,98 л.с.,265 000 ,₽,2020-06-26 12:40:00,https://www.avito.ru/ufa/avtomobili/lada_priora_2013_1946760391
"LADA Vesta, 2017",1.6,MT,106 л.с.,495 000 ,₽,2020-06-26 11:01:00,https://www.avito.ru/ufa/avtomobili/lada_vesta_2017_1918877779
"LADA 4x4 (Нива), 2012",1.7,MT,83 л.с.,229 900 ,₽,2020-06-26 08:15:00,https://www.avito.ru/ufa/avtomobili/lada_4x4_niva_2012_1190194898
"LADA Kalina, 2012",1.6,MT,98 л.с.,157 000 ,₽,2020-06-26 00:22:00,https://www.avito.ru/ufa/avtomobili/lada_kalina_2012_1934905184
"LADA Granta, 2019",1.6,MT,87 л.с.,415 000 ,₽,2020-06-25 21:43:00,https://www.avito.ru/ufa/avtomobili/lada_granta_2019_1890161241
"LADA Granta, 2016",1.6,MT,87 л.с.,240 000 ,₽,2020-06-25 20:48:00,https://www.avito.ru/ufa/avtomobili/lada_granta_2016_1144213990
"Renault Sandero Stepway, 2011",1.6,MT,84 л.с.,425 000 ,₽,2020-06-25 17:51:00,https://www.avito.ru/ufa/avtomobili/renault_sandero_stepway_2011_1962466750
"Ford Fusion, 2007",1.6,MT,101 л.с.,320 000 ,₽,2020-06-25 17:49:00,https://www.avito.ru/bashkortostan_blagoveschensk/avtomobili/ford_fusion_2007_1928037095
"Ford Fiesta, 2015",1.6,MT,105 л.с.,468 900 ,₽,2020-06-25 17:48:00,https://www.avito.ru/ufa/avtomobili/ford_fiesta_2015_1841633308
"ГАЗ ГАЗель 3302, 2010",2.9,MT,107 л.с.,500 000 ,₽,2020-06-25 14:10:00,https://www.avito.ru/ufa/avtomobili/gaz_gazel_3302_2010_1831564026
"LADA 4x4 (Нива), 2019",1.7,MT,83 л.с.,500 000 ,₽,2020-06-25 13:30:00,https://www.avito.ru/ufa/avtomobili/lada_4x4_niva_2019_1942131300
"LADA Kalina, 2016",1.6,MT,114 л.с.,449 000 ,₽,2020-06-25 13:27:00,https://www.avito.ru/ufa/avtomobili/lada_kalina_2016_1932654149
"KIA Pregio, 2005",2.7,MT,83 л.с.,450 000 ,₽,2020-06-25 13:17:00,https://www.avito.ru/ufa/avtomobili/kia_pregio_2005_1868469468
"Chevrolet Niva, 2012",1.7,MT,80 л.с.,370 000 ,₽,2020-06-25 11:36:00,https://www.avito.ru/ufa/avtomobili/chevrolet_niva_2012_1940596477
"УАЗ 3962, 2009",2.7,MT,112 л.с.,500 000 ,₽,2020-06-25 10:59:00,https://www.avito.ru/ufa/avtomobili/uaz_3962_2009_1768079854
"Nissan Almera, 2016",1.6,MT,102 л.с.,425 000 ,₽,2020-06-25 10:13:00,https://www.avito.ru/ufa/avtomobili/nissan_almera_2016_1886944917
"LADA Kalina, 2011",1.6,MT,84 л.с.,199 000 ,₽,2020-06-24 23:45:00,https://www.avito.ru/ufa/avtomobili/lada_kalina_2011_1948100592
"LADA Kalina, 2007",1.6,MT,98 л.с.,126 000 ,₽,2020-06-24 21:56:00,https://www.avito.ru/birsk/avtomobili/lada_kalina_2007_1933678053
"Chevrolet Niva, 2015",1.7,MT,80 л.с.,425 000 ,₽,2020-06-24 21:18:00,https://www.avito.ru/ufa/avtomobili/chevrolet_niva_2015_1922287585
"LIFAN Cebrium (720), 2014",1.8,MT,128 л.с.,360 000 ,₽,2020-06-24 19:39:00,https://www.avito.ru/ufa/avtomobili/lifan_cebrium_720_2014_1873332648
"ВАЗ 2107, 2008",1.6,MT,73 л.с.,70 000 ,₽,2020-06-24 19:34:00,https://www.avito.ru/ufa/avtomobili/vaz_2107_2008_1946507168
"LADA Priora, 2018",1.6,MT,87 л.с.,299 000 ,₽,2020-06-24 19:31:00,https://www.avito.ru/ufa/avtomobili/lada_priora_2018_1552344365
"Chevrolet Niva, 2015",1.7,MT,80 л.с.,370 000 ,₽,2020-06-24 19:30:00,https://www.avito.ru/ufa/avtomobili/chevrolet_niva_2015_1923775922
"Geely Emgrand X7, 2014",2.0,MT,140 л.с.,480 000 ,₽,2020-06-24 17:40:00,https://www.avito.ru/ufa/avtomobili/geely_emgrand_x7_2014_1931109003
"LADA 4x4 (Нива), 2017",1.7,MT,83 л.с.,480 000 ,₽,2020-06-24 17:37:00,https://www.avito.ru/ufa/avtomobili/lada_4x4_niva_2017_1949343713
"Chevrolet Cruze, 2012",1.6,MT,109 л.с.,400 000 ,₽,2020-06-24 17:12:00,https://www.avito.ru/ufa/avtomobili/chevrolet_cruze_2012_1894027548
"Datsun on-DO, 2019",1.6,MT,87 л.с.,460 000 ,₽,2020-06-24 14:05:00,https://www.avito.ru/ufa/avtomobili/datsun_on-do_2019_1943624257
"Chevrolet Niva, 2016",1.7,MT,80 л.с.,359 900 ,₽,2020-06-24 12:15:00,https://www.avito.ru/ufa/avtomobili/chevrolet_niva_2016_1932950119
"Chery M11 (A3), 2013",1.6,CVT,126 л.с.,285 000 ,₽,2020-06-24 10:14:00,https://www.avito.ru/ufa/avtomobili/chery_m11_a3_2013_1933932571
"LIFAN X60, 2015",1.8,MT,128 л.с.,420 000 ,₽,2020-06-24 09:43:00,https://www.avito.ru/ufa/avtomobili/lifan_x60_2015_1929930630
"LIFAN Cebrium (720), 2014",1.8,MT,128 л.с.,350 000 ,₽,2020-06-24 08:50:00,https://www.avito.ru/ufa/avtomobili/lifan_cebrium_720_2014_1792087070
"УАЗ Patriot, 2013",2.7,MT,128 л.с.,500 000 ,₽,2020-06-23 22:25:00,https://www.avito.ru/ufa/avtomobili/uaz_patriot_2013_1889503718
"Ford Focus, 2013",1.6,AMT,125 л.с.,450 000 ,₽,2020-06-23 22:14:00,https://www.avito.ru/ufa/avtomobili/ford_focus_2013_1934138558
"LADA Kalina, 2017",1.6,MT,87 л.с.,440 000 ,₽,2020-06-23 22:14:00,https://www.avito.ru/ufa/avtomobili/lada_kalina_2017_1932683502
"LADA 4x4 (Нива), 2013",1.7,MT,83 л.с.,290 600 ,₽,2020-06-23 21:48:00,https://www.avito.ru/ufa/avtomobili/lada_4x4_niva_2013_1936292615
"Hyundai Solaris, 2014",1.6,MT,123 л.с.,480 000 ,₽,2020-06-23 21:00:00,https://www.avito.ru/ufa/avtomobili/hyundai_solaris_2014_1948738550
"LADA Kalina, 2014",1.6,MT,106 л.с.,120 000 ,₽,2020-06-23 19:02:00,https://www.avito.ru/birsk/avtomobili/lada_kalina_2014_1948933821
"LADA 4x4 (Нива), 2011",1.7,MT,83 л.с.,270 000 ,₽,2020-06-23 18:16:00,https://www.avito.ru/ufa/avtomobili/lada_4x4_niva_2011_1512316338
"LADA 4x4 (Нива), 2019",1.7,MT,83 л.с.,455 000 ,₽,2020-06-23 12:09:00,https://www.avito.ru/ufa/avtomobili/lada_4x4_niva_2019_1904342794
"Hyundai Solaris, 2013",1.6,MT,123 л.с.,429 000 ,₽,2020-06-23 12:06:00,https://www.avito.ru/ufa/avtomobili/hyundai_solaris_2013_1808558244
"ГАЗ Соболь 2752, 2014",2.9,MT,107 л.с.,490 000 ,₽,2020-06-23 10:24:00,https://www.avito.ru/ufa/avtomobili/gaz_sobol_2752_2014_1876448259
